{
    "data_load_time_seconds": 1.787933,
    "training_time_seconds": 0.797882,
    "best_iteration": 18,
    "auc_roc": 0.940783,
    "accuracy": 0.998332,
    "f1_score": 0.633205,
    "precision": 0.509317,
    "recall": 0.836735,
    "inference_latency_1_row_ms": 0.564814,
    "inference_throughput_1000_rows_per_sec": 1465515.024458
}